ra,dec,parallax,pmra,pmdec,phot_g_mean_mag
147.8426799125527400,31.2457388195386480,0.6840578784807138,-3.5779020246154180,-3.2379808346100410,16.3867187500
147.8399931843691800,31.2619579102526830,1.6636720698819683,-6.0738625375845980,-7.8377735586266635,13.2288341522
147.8743399068915500,31.2690737270130480,1.0222924748138695,-1.2079833604154204,-8.2163322565044580,16.4840431213
147.9058285808809500,31.2667471754918830,0.4191917569275919,-1.7572293512378119,-4.5494111503751300,16.0681495667
147.9745395118267000,31.2775918571630670,2.2383269114158195,6.3949311767535040,12.0251489985791710,16.2817440033
147.9605631132877500,31.2449198265007660,0.7119195515719703,-10.9395804268984060,-8.2048438997925080,16.9373207092
147.9707996571155800,31.1216299839566600,0.6181213415130556,-2.3699915618147230,-3.4924571426824260,15.5049381256
147.8781825520350400,31.1720825988965300,2.9926253794095170,34.9205371236069340,-27.6880581927504930,14.9648380280
147.8889895154163000,31.1987652456664220,1.0310530256272696,7.2885956966754730,-8.5930319810545510,15.4021444321
147.9459703815541300,31.1313393182213040,4.5470053370815730,-39.6535862587197400,3.4871467426067730,11.8454179764
147.9006622863324000,31.1766417817907570,1.6207830492813350,-1.0389199849151682,-5.5984846242667920,14.5164623260
147.9757242618809400,31.2704366445293330,1.0211375638093385,-26.2203641486240070,-0.5947003212159969,15.7163991928
147.8020529454303200,31.2894517945503770,0.7624775069707868,-0.9338782258702665,-4.6586390929157910,15.0014305115
147.8969427502377700,31.2183838282655200,2.0830618269198076,-17.0368390847174200,7.0592454099879070,16.3567047119
147.9598135512352700,31.1708602316364400,1.6637860602481365,-14.7315106893799060,-44.7299587727450900,16.5966415405
147.9571554125155300,31.1771220275090570,5.4750752097042330,12.8851562336659050,-26.1186737990396980,16.3367958069
147.9122380674960500,31.2025142894134220,1.1213336944235033,-4.2324086405612570,-9.4356464440031950,16.7110290527
147.9197690590833600,31.2024535869584020,0.5306379945107206,1.8247130894843590,-3.4810337461849805,15.2321958542
147.9232613515694000,31.2001912213824650,0.5042721816197129,-5.5369123329765100,-3.1269568732944903,15.5512170792
147.9059192766095500,31.2489547013919380,1.4690565804460836,-26.4001266975530270,-9.8929195961318000,15.3671007156
147.9569572221174400,31.1690921445322540,0.9417153191122073,5.0092945822250320,-6.7554228400344165,14.7669057846
147.9732786354358600,31.2078645172728850,0.7141959674838534,-7.2333209761522710,-6.3087880500030600,15.9541301727
147.2643181078441000,30.4305122744991100,0.5342903041629345,3.7732628373079997,-12.4827059109515620,15.9897260666
147.4724560597189200,30.5985501185450270,13.7111917044756030,21.2365134436759320,0.0208605249980984,10.8910074234
147.1766992511397200,30.7162584543484880,0.5388772863128080,3.4117006100999387,-6.1594428732772030,16.8061008453
147.4257539357832000,30.9161985265290600,1.4205146561344308,2.6999328142112770,-6.3314423239667500,16.9243068695
147.2349682927912000,30.5580025125649970,0.6716222648992515,-13.6838488921202670,-13.8291427250201020,15.3691387177
147.2614895291911200,30.5106999861740780,2.7580417202330080,-4.7006778855063200,-4.9167905469939730,16.8590393066
147.2505813606194600,30.5317874276222200,1.7439593975260954,6.6052313294654000,-22.4473863446667250,15.1366300583
147.2659227369718700,30.6278981494432400,0.9813117197021703,-0.3988409537985054,-8.8446217572619950,14.9961805344
147.5097400237319500,30.5418581014857650,1.8387304707716130,3.4652223123407870,7.6872439019226690,15.2931909561
147.9633945102622000,30.7673781154231740,0.8918634882133350,-31.1503568224162780,-27.1791565174811300,16.3724250793
147.2146841186627200,30.6695335693411200,0.9096168938106170,-6.4045026949628590,-7.0804122327690715,15.7071933746
147.6164094896758500,30.4664660500313000,1.1573538527496319,-7.9470343479486670,-7.7785564181449560,9.8072757721
147.8858349415289700,30.7648027420991140,2.5031826760623446,11.4387901679948300,-23.9323510724121400,15.0980253220
147.3338351628950400,30.8407651218834750,1.0448322132520578,-7.2973135155015650,0.3677062820110916,14.6516895294
147.2960507881680000,30.9131310374837650,0.9424888293966921,-31.0322198120835250,-14.6066342411587700,16.2498054504
147.3081250645506400,30.4339571212832460,2.8698414984430327,-14.8282448958586560,-16.2051402496293560,16.7810134888
147.9109435176583800,30.7301503548616500,0.8324629597426836,-0.3941776316453236,-6.7981077172349735,16.5991039276
147.9501060575913400,30.5674077640976730,0.7842540635274077,-10.0162737079447700,-2.8005003078560073,16.8678894043
147.5247553126030200,31.2575590336177460,0.1351355156748683,-1.9020049094729583,-1.1340506770292567,15.6103229523
147.3357256413339000,30.9514206746312470,2.0448413318891445,-26.5288509223433060,-27.1141096314439740,14.2247972488
147.3197566114682800,30.9943942617555060,1.5729985915498714,3.8037377185202215,-7.7350935662886520,16.7689895630
147.2438683158267700,30.5475099706970780,1.4579553656556112,-4.0123334082580910,-1.8296427674507725,16.7177219391
147.2861585564111500,30.5744968151058420,0.9144701351207104,-3.8437340474216457,3.6644117608708258,14.4093513489
147.2615829795533000,30.7015875578859370,0.8324941399581530,2.2998570742709026,-1.3301879371750343,15.2116279602
147.6242323744293700,31.2345232068698500,0.7157176879738076,-0.7401507921382810,0.6663746023240300,16.8801803589
147.3001415223462800,30.5676359777947400,1.1202806530360592,-2.9421305625710277,-9.5078962827780220,16.5475845337
147.6692366941807400,31.0839002196880970,0.4138562851187034,0.6962422955251656,-6.3304629132881590,15.6388578415
147.3693616170948500,30.7986192494145460,1.2442449994706664,-13.5689008728705900,-22.3650661280847630,14.0317363739
147.7281874834713000,30.6184248540281400,0.8952832509779088,-15.5515254569616240,-9.0817615256170600,13.6782312393
147.3424023359049500,30.4369798786035620,3.6365473103257373,-12.8581727636772860,-3.8103099217053416,15.5144186020
147.7223005184296200,30.6178178825038640,4.7125465853402840,-69.0791831782114000,-19.3888315680355600,15.3381395340
147.7961791164654500,31.2389385378518900,0.5353497464279970,-8.4730629086467640,-10.8589745613721560,16.7387428284
147.3375987712034000,30.8656819831590780,1.1794126909628841,6.3112714527166600,4.8485475045199244,16.3398895264
147.3400569785029600,30.4671207616002060,0.8805530238906466,-5.2262332831725790,-8.9609792541345930,15.8381090164
147.3757081947155000,30.7151663233659400,2.0307772183798276,12.2690704285705080,-34.4012427949963100,15.9159069061
147.6070788219960500,31.0177663589370900,1.1671426297141447,3.7455618286037184,-8.4273242173147370,16.2578544617
147.7452735142839500,30.5580858420808400,1.2919342160013616,21.9520378217691530,-27.7578305992945300,16.0009422302
147.3101559097544900,30.5448994070565600,0.6361346617980974,0.5068065309477837,-1.2126451903479765,16.3164196014
147.4214158958120600,30.8391422380209650,2.6979905037953062,1.7341420140849184,-3.4808819743697743,13.3211259842
147.2063091918032000,30.6799966913107400,2.3332041839574960,-16.7330166135075940,-5.6538448075661540,14.6724882126
147.3821626922913300,30.8184892044030900,1.6105939713854187,-29.1948019883535540,-14.9364134790248780,16.7562999725
147.2938278058959000,30.4871484643947500,2.0382249443615144,-8.4000934441163860,-17.2877275810785630,16.5229301453
147.4136671538269000,30.7841739407190820,1.4077862126411760,-13.8283033663660540,-26.1258847737068500,13.2756109238
147.3353465064336700,30.5015755588569030,1.7681269169540510,-5.3682310178160130,-11.1748124282395960,13.1920433044
147.9661523090270200,30.8319887444528820,2.5124962029458920,10.1454243796324060,-9.7058821802314900,14.0219192505
147.9146284830977000,30.7265851041417160,0.8128027136496351,0.8116594904680134,-5.0400413622467080,15.2522087097
147.1537887625855200,30.7652938169929440,2.7766523683624650,-17.9051891257304300,-27.8914549863062150,11.4547300339
147.3146838299040800,30.6110347341017360,1.1166486544818317,8.9353579352260230,-12.4874988875491650,16.5993728638
147.0472530307943000,30.5078034054520160,2.2102542280138855,-28.2247696515672000,-18.9351718426030000,16.9148101807
147.3802008867556000,30.4474157220987960,0.8983369534288981,-4.8770074162253830,-1.8262570986661566,15.9425601959
147.4468652876230400,30.6750898172097600,5.5413917998224040,-8.0442191127778280,-52.1908602601131260,16.7570171356
147.3597957440955200,30.7789956276345650,2.2462595670536410,-5.1918362245121170,0.6573577274075222,16.9879112244
147.3346803172059000,30.8351451880371780,1.4483705542563580,-0.5985443104315671,-10.7808858594967770,15.5948133469
147.3980187635667400,30.7721695963472580,1.1258293316897263,-9.7449463830919130,-5.8341412707256290,14.5969591141
147.4507262233936200,30.6720109828071600,1.3373261056473922,-4.0478742714282000,-12.1855667561581080,15.4219770432
147.2589999113816000,30.9688343413842800,1.2425411147606513,5.5967148878240490,-8.7331233161810900,14.8233003616
147.3479169877046500,30.5403533456344080,5.4011725980741920,49.3821522699833400,-33.8720903538905840,16.7693157196
147.5933469423681000,30.6779679176802670,7.1380434382094100,50.4622446887345100,-84.9808342984606200,16.7476215363
147.4090802589776700,30.7402141502466540,6.2633651591513555,-49.7429802435948150,-19.7606412978891800,14.3406047821
147.3327508748650000,30.7403568295871250,3.1304224459664170,3.1002033636573496,-11.3317872322982730,16.4015522003
147.4419733604963200,30.6739809018585060,0.6284564887089733,-3.7634660819230064,-6.7949285060139120,14.5094690323
147.4028861399613400,30.7572654058680800,-0.0364771669442217,-0.5012386771788319,-0.6356564380756278,16.9463958740
147.4419223917476500,30.6764276591516700,0.4140577679020921,-0.0462958791344323,-5.0803057060158190,16.6854629517
147.2612771149267000,30.8948675153039930,0.5366174180540286,-2.0156932325222350,-3.6222270506964422,16.2865772247
147.7097315231088400,31.2646634966263120,0.8714205726709497,1.5411918774644917,-4.6558960737991715,16.4252891541
147.1663814016903600,30.5784192458200050,1.6278965707524986,5.9982597165542480,-8.0024350829280520,16.0797367096
147.1468035673693500,30.8631119138568440,1.2211055028527562,12.4690183798600740,-11.9534422274684720,15.0622024536
147.1587804459845000,30.7277354213299740,0.1941408267624880,-1.3642502819383349,-8.2140249246214890,16.7946567535
147.7988718471951300,30.8132182275140400,-0.4247817903122089,-13.8608353361094390,8.8654663223325960,15.8150444031
147.1598171787830400,30.7379676308894570,1.1299241174598693,-10.7876850761432570,-15.1956196281338660,14.4536952972
147.0370733488883800,30.5493422890375540,0.7208172505737718,0.4569347748050990,-0.2543075834097684,15.9348297119
147.2301510125879500,30.4882502641383650,1.2491897950297380,-2.8999298805988576,-3.8432364349447410,15.6766881943
147.0572122573573800,30.7344547094026870,0.7912138756317240,-0.2604499696210892,-0.2435031741180466,15.6939773560
147.5849086394583500,31.1346052859428300,1.0860680570472871,-1.7720254544075738,0.1074068695258218,14.2947673798
147.0586454563747600,30.5106278309339770,0.8094774166442869,1.7207432055888237,-10.1937568515470430,16.7674007416
147.7709680083906400,31.1995205129956100,1.0700193231661406,7.2171487258108940,-10.6311680534362320,14.5017538071
147.1702598966685400,30.7654428855245250,0.7903008199110662,-10.7031495310295950,-5.2807835649397430,16.3246002197
147.9719640809293800,30.9340997794561800,1.9242808100667224,-8.8328235282010240,-8.8178527646324000,16.2040405273
147.7242631401305500,30.6655662853624700,0.3541093816658309,-4.3182880177301270,-10.2081023014738080,16.0190372467
147.2283183675945700,30.8370323746851300,0.5616049752751752,-5.1898238150921900,-29.9930544889098450,16.4968624115
147.2988698643162000,30.6210409571648370,0.0678478007996250,-10.2881528173660040,-3.2417972193547310,16.5776977539
147.2543803506426300,30.6538251454648570,0.8662726151044603,-11.9693808573379030,-14.7897152216068830,14.4223823547
147.2300260594043700,30.7474046908117380,0.5586603679966485,6.9721255445501990,-5.4869017509898440,15.6910161972
147.1484914555580000,30.6886121420044500,3.9657564227553324,15.7431461483993650,-42.1615622732838700,16.8595104218
147.8269637002777600,31.0523796490530100,1.3018650871917445,0.7711467863909263,-9.6830970261659300,12.9404516220
147.2349700601787700,30.4439699333808900,0.8347935460149015,-8.6678693819653920,-19.6116107413891800,15.0938177109
147.6144107494367600,31.2969095757791960,2.8267575216870390,1.3763854023984838,3.0652663757611060,12.0320034027
147.9194998979721000,30.9300133451944300,0.0924247557938885,0.4977936616116808,-2.6391023961461944,16.9041595459
147.1477634279754300,30.6883554902674330,3.6363656461897160,17.1597696465493140,-43.4845040288855960,12.7125396729
147.1195543443892000,30.8077126766818600,0.3479293638469864,-2.2776925202496505,-7.9274870974892700,16.7003250122
147.0992787087370200,30.6804397810234600,0.9955855983226250,0.3629658714406028,-12.1404758024856210,14.1792573929
147.5283774043428200,30.6812841984790050,-1.8451212691768075,-13.2855802903438050,-11.7353108411520390,14.9005975723
147.5989240374906000,30.7139907887999000,1.5712868872413228,-3.5753970177960124,-4.1922559629148740,15.6752624512
147.1107529564204400,30.6534142157727900,0.9537917952631486,1.1483855431120373,-17.1647132000672400,15.2763433456
147.6057002964860500,30.9557595027287040,1.1372716667173186,-6.6196197097663400,-6.2467733088302600,13.8381385803
147.9500312854863000,30.8724576926726400,0.3502500203199800,-9.6943783523981340,-8.7068607259422300,16.6827144623
147.1296932554799600,30.7072628530147220,1.6816133219700626,-14.1934391951030500,7.2618427708699950,14.8794584274
147.0954734502287200,30.7972780089982550,4.2133605876978020,7.4311022926155665,-60.1089925976127200,14.9602251053
147.1512467282825000,30.6296687998321530,4.1208806819155150,-56.3260675721920400,-85.1611107160813700,11.2341833115
147.0883324527710300,30.7648125930498040,0.3200984887650017,0.1751442772410382,-2.6656492274067967,15.9800395966
147.6510214662267200,30.7493132967437700,4.9398152088927440,-113.7061369872394300,-17.0966833675221430,13.3533706665
147.0193252697365800,30.4688238506407030,4.7875822845353910,-76.0513004901957000,-34.9895152156661000,15.4598741531
147.6843913780010400,31.2274942863076500,0.9556955091064343,-6.6016956003503390,1.7494296527534683,16.2731037140
147.6033518046615000,30.7859598630519430,0.7055136430971761,-6.9808269942128970,-44.1546943932556800,15.8306989670
147.7119277296199300,30.7921597395421180,2.0349709743439930,1.6668058398230734,-32.5213391982453300,13.8571090698
147.5211381044695000,30.4573790141915600,0.9299666184255434,-12.3561017137470940,3.6742694271777268,16.3037185669
147.6645672925282300,30.5143400546996900,0.3429285996037538,-0.4796091533768070,-7.3364913757269530,15.8234806061
147.0269271581822500,30.6888253126995780,0.7231950938441769,-1.9088528992259430,-8.8853888499505200,16.3052768707
147.7854568105117300,31.2365779758109880,1.0482333034281928,-5.1203348914708420,-9.6448781001949280,15.2768239975
147.7860598471568000,31.2164270551936500,0.7546952353860883,-7.5950180225908920,-17.0481542967384800,16.8531761169
147.9428688469183400,30.6233049610392560,-0.1229374370521962,-3.1235779564498780,-3.3434535482284870,16.0303077698
147.4353932179986000,30.5707002279811630,0.7856971271601387,-5.4367936174188950,-3.9220840131272308,12.5524511337
147.7431767898028500,31.2931350213205870,0.6885352745358317,-2.1626211753840496,-2.5303290122871656,16.9912242889
147.7443217506577200,31.2500197261039200,0.9935318818072653,-10.1782934717340650,0.6950475445164969,16.3520221710
147.6128369968965000,30.9379062726197740,1.4211772304174417,-1.9142336339596640,-7.8965144950490480,12.0631160736
147.6075980165139800,30.6645866808165830,0.4625631134694105,-7.8296771619467710,0.8255093836948320,15.7341775894
147.4498389420632500,30.8539089595866580,0.2912320107032018,-2.8977168020228707,-13.6858408151504510,16.9982662201
147.9134220484402500,30.8862732684870600,0.7082613888559803,1.6747415279830342,-5.9863962640586920,16.8773460388
147.4717857368731300,30.4326808070462430,2.3634588343694802,-21.2153153344553700,-6.3147130865135370,15.9625682831
147.6296760954846300,30.9232862953126140,4.6254899592893830,25.8261666175741600,-9.7838702698714820,12.8951053619
147.9688707911841400,30.4543227289558760,0.1469559972560095,1.7705539963433150,-8.1270034545744700,16.9449100494
147.7054865648655700,31.2797684458114600,2.3916756365113847,-18.5165817561369720,-6.8954734355895560,13.2769289017
147.6803658463425700,30.5778401829004660,0.7707381096873803,11.0305051546336500,-27.4866244385025600,14.4055643082
147.5003428309091200,30.4841535400845630,2.3667458857042454,2.6390148551530634,-10.0827993764398980,15.7948455811
147.6300410823145000,30.7067650464354750,0.9261463845238009,-13.3949366677006890,-11.1858400406963750,12.7374963760
147.3689699177082800,30.5713269907969000,1.6029658571897490,0.8939821324838828,-22.3318246476707150,13.0501003265
147.1265426586317600,30.4502859937684920,1.8837400980426830,-10.2367103385538800,-3.3133146331636802,15.0499897003
147.7352090203338500,31.2666726307381700,1.0019807826491123,-5.2824508354486160,-3.8591585944908280,13.8370304108
147.4967735518615400,30.4616035486509170,1.3158079890374448,-2.5468568062592950,-0.7350447299454952,15.5357837677
147.4654147302842700,30.8973402492610840,1.9014526047798461,-5.8282481904103840,-9.1584758856461500,16.7162418365
147.7368200838994000,31.2036589097236430,0.8553233128461565,4.3363097743565100,-7.6845919714358390,15.3611907959
147.6458586700717300,31.2455282683920400,3.5287715584401900,-37.5539365241453800,-6.6914174247101840,10.5787601471
147.6180749905248600,31.2467570214047100,0.4115920463118433,-1.8142965874750467,-7.3618793212598050,16.6968288422
147.4495489151264300,31.1666108250999700,1.2449515306415702,-15.1802138486904620,4.3674971035763520,13.6129970551
147.5692887388778000,31.2672503714533500,0.9090703068732017,-7.9565596822630550,-8.1550312968381440,14.4454460144
147.3846596920694800,31.0888086915262750,0.9712738848059180,-6.2047252437294940,-0.2719825371052023,13.3679304123
147.4680992560681400,30.4717698241187600,1.1818645430304997,-4.6432279850128300,-12.1605730601975350,16.6058101654
147.8951758961919000,30.6890003219411720,0.0121630788942505,-1.0162808772827288,-9.1449858646891670,16.0087203979
147.7947855073752000,30.6276265557099060,1.0257819504558616,-7.8732902395803030,-3.0135618595801557,16.8228187561
147.3343695853534100,30.8126388181568600,1.2013204234997910,-0.1804753692428656,-4.6104364068217510,12.9956912994
147.5883952187626800,31.1964819670504560,2.2037504205551900,-25.2192071509673640,-19.4429870843858900,13.0678644180
147.6053892257693600,31.1646470454289570,1.3597306260034279,-16.4095076370128940,1.4532319914114820,16.3416519165
147.7633129270883800,30.8195890218158800,2.6653055005123800,-10.4537940006726070,-5.9877939561980630,13.5686283112
147.6214881329253000,30.9171671257809900,0.7737035748112537,-6.7759562499539800,-10.3875303603145250,14.8516263962
147.5237154885228000,31.1278163654498170,3.0037742741089724,-34.8917617810033000,-5.0790289836635230,13.7373685837
147.5160067182532000,31.1769604584199100,0.8494699919813022,-8.9407755053012400,-3.7657263627799566,16.8584976196
147.7200361551070700,31.0132013762318370,2.1009925698291494,-26.9043471857544670,-21.8565558516713000,16.6088199615
147.5391342749179800,31.1347522877593330,0.4789660306923278,2.4532930665737567,-7.2963125128128430,16.0343017578
147.8577136824631600,31.1275096976109250,1.1309084043375435,-7.0643039832139680,-4.4497232207914930,14.6040639877
147.6510580585114400,30.7162608650584700,0.4309425767167842,-0.4055311610167940,1.0706908774433928,15.2854318619
147.8996008094079300,30.9634065551310230,1.3149676159165238,-4.1757827923067525,-6.1621640999564855,16.2068538666
147.4877084874770200,30.4989963665769470,1.2612592324323528,-15.8685992864320200,0.8805560866355620,16.8305568695
147.8072407489841000,31.1322368690613940,0.2910009504965453,2.2361634988246557,1.5409505465485438,16.3143138885
147.8819226676823500,31.0344917844263300,0.5426818669474032,-7.1219975606216650,1.7184686435916487,16.8314647675
147.0027904664144400,30.7078299991119200,1.1970517986553593,-0.4485048591979950,-3.6659973090724933,14.2386312485
147.5709374178089500,30.5669213275948620,0.7560090622442804,-16.4970483407504420,-1.6278283671939335,15.8866662979
147.7898000642050500,30.4875813249892470,0.7944307280658465,-4.6500761753214180,-12.3312506858164090,16.8515834808
147.7653606085553700,31.1254380780050100,2.9113296660030030,-16.0683992162059930,-16.4372643967154240,15.3240585327
147.7657660227626500,31.1268479672709440,3.0959074082379936,-16.7380825692271070,-16.3594642735395870,16.2845001221
147.1813432152036400,30.4353534944994730,0.9326756933687465,10.5334451971077700,-30.7338287600032450,14.1784858704
147.7580406295219000,31.0812803823719200,1.0713535881886196,-21.6515499585273100,-1.3611205584259550,14.2933835983
147.5743217097319500,30.4995439279307270,0.4473033891454458,-2.5178651884933454,-1.3364058850670737,15.3842439651
147.7703666423351800,30.4941495684027220,2.0106958006553440,-14.5100127672289820,-11.8514266273126370,16.1972064972
147.7918469295834000,31.0463203146993400,4.8218810952637940,7.1857540968740150,-9.7996283025448500,11.1197481155
147.5373069711709500,30.8700731780687800,33.0735157633547840,-191.0887750425641500,-42.6030144199814060,15.4629917145
147.5981703660198700,30.4408941517153980,1.0369252062701573,-4.7015583747651220,4.7970219177039140,14.0946931839
146.9907339968387700,30.4765487306916720,12.6743699958949230,68.1523051780520600,-34.8066168390332700,10.0677871704
147.5904015664092400,30.4387899729510200,0.4631256878888330,13.5956260718888050,-25.5872553185633580,15.6545553207
147.9210119695751000,31.0894430547510800,5.2747112586927110,-62.9369874477726160,-53.1510555919079900,14.1552639008
147.8152016134233700,30.4841260923296250,8.3141332944293320,-9.1955123393583040,-51.4354070025069600,16.2509822845
147.9771101320766000,31.0470449769882800,1.1897461546876130,-7.4475706219324810,-16.1923272799168600,13.9877147675
147.9808550354816000,30.8418011947423630,1.0972340132042375,-10.1370332208194600,3.5682158543606293,15.2526683807
147.7087228718929500,31.1511255393811340,2.1721024834702023,-9.0324763152365650,0.4815750698936688,16.6325798035
147.9619152786508000,31.0418821082026640,0.5417710642635014,-2.4859457995231450,-5.0185956991084830,15.1583318710
147.5350729130012400,30.5023738425351070,0.3990156262431058,-0.8214705997341105,-0.8138782917908391,16.4045639038
147.6031998605069800,30.4542817259415660,1.1938774303056725,-3.4536590446556183,0.2953822510851913,14.1978530884
147.7130012788541000,31.2909088643328450,7.2128954286203110,-46.7268092127339700,-17.7311535010242740,15.5237159729
147.9119442510042000,31.0685920042790700,0.0822458887047270,1.4966188230434896,-3.3844988691940787,16.1852226257
147.7979351480653600,31.0281748988802600,0.4254950372280557,-5.2751402418670150,-6.1691807072185450,16.3797779083
147.8554755382358500,31.1687555884919720,0.6234980956859248,-8.8226769389118200,-3.6285714894631793,16.4475612640
147.8113753045635700,30.6356140358321770,1.5094023652580113,-9.3231676314277030,-5.7558657941575735,12.3017044067
147.9148566202775300,31.0478085295951400,0.7616179262727166,4.1360816764449300,-13.0332868745586870,14.7978715897
147.5048338602463200,30.5081058828217020,0.7783236429934369,3.5050473249811773,-7.0214639416012470,16.3041706085
147.0568203845552000,30.6852453074288100,0.6089216270237475,-1.6124830980537896,-1.1600948177401864,16.0896434784
147.7139819034796600,30.9266769840817620,0.5023461240963538,-0.6428016905875040,-6.1762608799237970,15.5242395401
147.5340941894848800,31.1701063222758900,0.2627309347338188,-4.7947223007512680,-1.4051657614271530,16.4587116241
147.9679342091201600,30.7129692482283440,0.8976670179791884,-13.5323120512922390,2.9951843469186520,16.8065376282
147.7171706528913000,30.8787204534594970,2.2464458335876790,-12.1863508378509040,-3.0177645403732942,14.0368080139
147.7298112322097600,31.0109975953717500,1.2255960236791164,-10.0183305864148530,-0.0317485235617845,16.5751075745
147.7297634375851500,30.9097004663452140,2.0103471534532673,-22.6990323324518200,0.3413639981827971,16.6450328827
147.7679319429803400,30.5922960678507570,2.3362523662851560,-25.9935133631374300,-32.1813437221223200,14.6618947983
147.6569944487627300,31.0335403168786320,0.7188785562009807,0.1301239066875378,-3.1107032065903955,15.6953735352
147.5404212574920600,30.8738045173937600,0.8767341474945356,-19.4631576936669500,-6.8572868645313910,16.7318115234
147.6962846314913200,31.0095748006906600,0.4319988524366224,-3.9963279817095225,0.0456999399026770,16.1572074890
147.8139886648720600,30.7541251558489570,1.5571443230318713,3.9196721416559073,-11.5238503821838600,15.6991081238
147.5639432229406800,31.0447032733996870,0.1456239066873754,-1.3801667557467825,0.9954728273256238,16.9717388153
147.6507228363815300,31.0087707266435440,-0.0748071092232482,-1.8563447591882920,-2.7100184811870163,16.7820148468
147.7192535414354800,30.5737471520192760,1.8227738363522306,19.3771901261125800,-10.4498306999603510,14.0453948975
147.7657601451719500,30.4763037242448800,1.4339199131787415,-6.3910773796536880,-3.5470564528263290,14.2750358582
147.3858658332413000,30.4761414682373940,3.6213162718465113,-119.0084078564292900,-102.6977252414961000,13.9550828934
147.6592272233900800,31.0398104574203940,4.8833081047006180,-35.4847135807595460,-59.2247142955960100,12.8880214691
147.6949363661508400,31.1157370577123000,1.1454423674581133,-11.6947905452008310,-3.5456990701979390,14.8469800949
147.8623043551315800,30.7151521899760100,2.3859603924704690,-9.9669377188539730,6.7911612218350100,16.8931922913
147.0846274107193200,30.5302794887114180,1.1780510122563557,-9.0141998185662970,-3.5021447556765692,12.8670177460
147.4061619936289800,30.8236684907550360,16.7740948644411430,72.7573051055973800,-97.9748944663873400,12.1560907364
147.6815852030759400,31.1860464700831100,0.8126023464611182,-3.1282642579760425,-1.7794773662808636,16.7305908203
147.4014560193889500,30.4849165418758100,1.9046343472519938,-15.1078244170648330,-12.3281544990397120,13.4111938477
147.3701770121408900,30.5304085432198880,3.4596622492766280,-23.4676371752032100,-42.1529786990936200,14.1398668289
147.7787296006981700,30.4864642415257300,2.7635173432891530,-16.0228771450466670,-25.6551875657789450,15.8214426041
147.4585857187596200,30.4896674373409200,0.3249227670702611,-7.4655096338282050,-14.0285665607284340,16.1799411774
147.8879568137704000,30.4723197823308180,0.0361696950589183,-0.6175373266935654,-3.8409946020816794,16.7215862274
147.7502880916072000,30.9372977757269330,0.5336316370372087,5.4624730912822360,-6.4650191275092050,15.2313547134
147.5970699758245800,31.2456331648342060,0.2552416119034380,-0.9936101729650731,-0.5277645398763345,16.9834709167
147.7656116248190000,31.0268257981540040,4.4480218488245150,61.4544384054669200,-43.8234945658364500,16.6429595947
147.8841212173849200,30.5135266893459270,1.3086561764340630,-0.7663750328791479,-15.2192202005378690,14.2751626968
147.6528178830161000,31.1034330701802480,8.8336674590292240,-6.9038556634782640,-23.5028289843171550,16.8910369873
147.9028287303911000,30.7159891667722180,5.0397244429509510,-6.0985037106691870,-21.5807473511546770,14.0928716660
147.9356900713262600,30.6571933595444650,0.6371845898968378,-4.9697352864916760,1.2241404741602882,14.8387441635
147.9213332876362000,30.6483374617599830,1.3932195927585598,-11.7405849816443100,-22.7933549870216830,14.4668655396
147.8032517779950000,31.1850644013185030,0.2369041411585586,-0.5558449969844248,-13.3207593329227510,16.5130844116
147.6879747346356700,30.5041361338789730,3.4421807554230224,2.2734369798234226,-28.0913585767917270,16.4764862061
147.7971091216181800,30.4751427093072900,2.9930519845954990,-20.4778076036108520,-9.0693845488196300,15.3791007996
147.7290922701108700,31.0931892677993800,1.2815534184028616,-31.2909278125578100,-24.5144117995562140,15.0659847260
147.6489850465630000,30.6321748012868230,1.4314484661503717,9.2223676069735200,-7.0219632810052360,13.0104837418
147.6925564258884800,31.2133491120540500,3.4617245039492610,5.7070678819528950,-31.5235444299133860,14.1830282211
147.9435033146785000,30.5218368176540270,0.4840428004578284,-5.0565111830225430,-3.8853511192084890,16.9480628967
147.0456328372445400,30.5003014565651700,0.1769469515389492,3.7783366252088424,-6.4094332579672320,16.1848011017
147.8917699309152000,30.5286258572556970,1.0825496134609756,11.8087885512049340,-11.4603958818017680,13.9243144989
147.8712419253531300,30.5531233405037300,0.8369261435691144,-1.7111484840267939,-9.0104415897884160,15.3029174805
147.7608719240820700,30.5919494613200700,0.8722620617395533,-3.4119169216012746,0.1482679001390418,13.8009605408
147.7845760117329200,30.9522660888426380,1.3386331760724564,-16.1594134657332800,-5.3421086594133150,14.4060115814
147.7160650855456400,30.4626821103919800,1.2461747424365002,5.4489294318186410,-5.3026815163272720,14.2247943878
147.7156912360930000,31.0658013539148180,0.7514299229599811,-1.8109077469366113,-5.5012416518917300,16.7891654968
147.0230015277562000,30.4992157623294400,16.2470333315497700,-184.3863974030641700,11.0629527659532930,13.6107969284
147.7047784991661400,30.4829748863038860,1.8235791895891929,13.8528488391689240,-7.2483384856380830,16.6534500122
147.5509772014238200,31.2374385330346800,1.2964319589166322,9.3416426916785800,-26.1213520797451220,13.6850986481
147.4427816402579500,30.5680462473304400,1.1904440474640805,15.5921135641278100,-19.1813528930759400,16.4127502441
147.7446888572925200,31.0147385480664800,0.9448295385147127,-13.8463248823570560,-1.9688250312049176,15.2740325928
147.7693864628012400,30.4519415710477400,4.1625197378912130,-0.0418318789300898,-31.4871452384880930,11.9588966370
147.7329006616132600,31.0376000247013120,0.7267344177406507,3.8251073017253687,0.4163330798039714,12.9038372040
147.7237206339756300,31.0801713278442730,1.2330863868328380,-7.7221649034402120,-0.7915260787589405,12.4279060364
147.4345432382795600,30.5207088026120450,0.8558138398077987,-13.9444924390935960,-30.0895923226492950,15.3049936295
147.6302025062081000,30.5685163071944500,1.7447270205290786,1.1822268995717886,0.0806336251987556,13.1684980392
147.5566864926469500,31.2388370464536700,0.2933040101174839,-2.6811477684998146,-14.4146263421466610,15.6767253876
147.4594369940032800,30.8096425765106100,1.6035218575329147,-6.2058454206586970,-4.2292318087450220,13.9810857773
147.5496200572979000,31.0344649078367400,1.7527130521192922,32.1548522702191400,-23.8089831393160840,13.3329935074
147.6113748995355500,30.5821137298118870,0.6648393578345061,-1.8468831223002030,-22.9248429402323100,16.4777069092
147.4999249029789000,30.6987847744845700,1.5768414760523495,-9.1619038144239010,6.9754730059334240,14.9821119308
147.6062040192254000,30.7820353672662800,0.4899870981991394,-4.7149611279190990,-1.3678218430100806,14.1999559402
147.5370702185236700,30.8704681841267540,29.2089646569528830,-178.2924510122653000,-27.6863067616938280,14.3753795624
147.1867711004546500,30.6718900637030400,0.9727039575516389,1.2568626320444216,-2.4535298213648096,16.8069000244
147.4726519489959000,30.5982572163493740,5.0656634072159195,7.9864701910439340,4.4225372461291630,11.1315555573
147.5923722046730000,30.9893273169245450,2.9287446265960410,3.2888682781993417,-21.8167017199862300,15.5786600113
147.6307290680470600,30.7452900968541000,1.1417084272750473,-5.4473427281059970,-8.2238405542879020,15.5038890839
147.5810520748555300,30.9931398568610000,0.6222501378368229,-7.3973613398211800,-4.8711064959158530,15.1410617828
147.5730716525864400,30.8297432863398800,1.5762680903195918,16.9539397264280100,-11.0007033593088630,16.9104824066
147.4936408978093400,30.7099023547668430,1.1197335874912748,-29.8854688583012130,-23.0744674697151670,16.1454563141
147.4857980568871500,30.5846609087056470,1.4204779053215850,3.4106960819089930,-12.5661667713997480,15.9821443558
147.5438869400915700,31.0679954643662000,1.2760958910117266,-14.7840474198184250,-4.0558379410301180,14.2067861557
147.5702401881836500,31.0960755777170660,1.5600015176839210,-9.5298036067301100,-0.2370896261696058,15.7034816742
147.5947709246409000,30.8939178050579740,0.6872249816075785,-1.3212327199516094,-8.5471346457053080,16.0002422333
147.5027507009261300,30.5876738581271930,0.4126003540150884,-4.5333685021149530,0.8086167189767608,16.9631042480
147.5728399429055500,31.0781875279361700,0.9641912295485766,4.0773048393886775,-19.4317300729674540,15.9655694962
147.6266998583218000,30.8023773004426220,1.7073155703897431,-16.5079581659946440,-15.9825896045091510,16.5215282440
147.6213351635080000,30.8579242378956880,1.5153585104799614,18.0723484211511940,-10.5847747060414310,15.4013214111
147.4392546643006800,30.7860969252588670,0.2867561146052390,-8.8724751205190840,-1.9294622264991532,16.1758232117
147.8490357136474500,30.4521505235150900,0.5796254536085749,-3.7473769078259790,-3.1700816347481244,15.5198802948
147.5573249349861600,30.9274613872987240,1.5464620549670827,-10.5182465988250260,-6.1987878778959280,12.4759378433
147.8409933065370600,30.4642711645110300,0.9369194131040431,-1.9445372033497148,-8.7818030080933750,15.0472593307
147.4481117441793000,30.7474062695265470,9.1570380970858200,-2.1751264091357710,-242.1157663815152000,16.2565517426
147.6199642893441500,31.0491308918858560,2.6183141871970914,-10.4840970351769210,-12.5576182493119700,16.5138072968
147.5596396106407000,30.7358801968801250,3.0210483074093566,-32.4757308593178300,-37.3379975341387500,14.7519998550
147.6486180948043300,30.8086657167504330,3.8495839890962870,21.7762319692321750,-16.9737454248012940,11.5100793839
147.6210227110537000,30.9270371023471400,2.4396823153587013,-20.2476441408480880,-10.5069188129254900,16.9192199707
147.5603419849172700,30.7738152151651260,0.8645489325908670,-7.2199442149416530,-8.3910425006269980,14.1428947449
147.4280895544225400,30.8537213174472460,0.4942439439003377,-0.8925501772539277,-4.1624465112186115,16.7701892853
147.4826225971399000,30.5466452998465950,1.1344057328026538,-25.8536841310730380,-25.1958342092322560,16.6307449341
147.7275136803924300,30.9104332447769900,-0.0949999950601925,-0.7668947555644755,-4.4941066892547040,16.7624778748
147.6925033156058500,30.6562000161914400,6.9674916409622400,-2.6305364712961588,-26.1686106508501870,15.8735799789
147.6144742492316200,30.8775909204487680,1.5564075743436780,-13.4592965921248380,-2.2303005471315120,16.0739421844
147.6094870151963800,30.9121801488211250,0.6413104453175849,-1.2370178578545956,-1.2854750058815223,16.6238861084
147.5396180567317000,30.7716525723275800,0.1675065242404552,-0.0303820334291681,-2.9434797867292275,16.9994411469
147.5406122846896400,30.6708588590700050,1.7651974259704157,21.7044653290341000,-17.9537070496200850,14.1399831772
147.3610547370921000,30.6657916725762440,0.3867938431246736,-1.3012770809048468,-3.6916064205792050,15.4179735184
147.5592426240368700,30.6058490938579550,0.7921518638620776,-7.6171309927708140,-1.0097186012532440,14.5343255997
147.0321511326466000,30.6859408717655880,2.2074925050790437,-13.4898798294326470,-22.1420121138286880,13.2125654221
147.4708600438431700,31.0479045432010850,0.5640398239790776,-9.6158241124900030,-12.1912281161686170,15.6340932846
147.4447518121352000,31.0768303943029950,12.0248259028192180,55.0670280840137400,-42.8770076076123900,6.7684249878
147.6290429077354500,30.8796276471623620,1.2854721906196809,2.4445607251008976,-3.0103034496796000,15.9530363083
147.9298665659841300,30.7274410468617900,0.7375223779972103,1.9920867191643140,-15.7391323332817270,15.7758569717
147.1005372007132300,30.5774706239594530,1.1390866091623330,-20.1562080831906170,-26.6529342854266000,15.2856760025
147.6744331861345000,30.8241010152035850,0.5422575377757003,-6.4909408488461690,-10.3316798207065080,16.0713615417
147.3625137392119200,30.9166251273853770,0.5339797293740898,-1.8254498932289849,-3.0458654160545600,16.9518013000
147.3410880625642400,30.9999196905419120,3.1354110481071430,-3.4445667512271925,-0.1394921591832849,14.8467111588
147.9819284206684800,30.5525193486373820,1.5381425877259443,5.5900930829041770,-4.5757676835884360,16.8570976257
147.6938348715212300,31.1637285372523500,2.0693216789146702,18.1399258463350960,-28.5078830648695420,15.6742324829
147.9180151535340000,30.8421643441173960,1.5818390664760402,-0.0980510636470111,-30.4615338869255300,16.3042602539
147.5039215882613600,31.0885138955753800,2.0179344130803020,0.6076560071483990,-1.3944315022373845,15.3549127579
147.5214314506701200,31.2194682759627680,1.0524919233257493,2.9602965834108280,-8.0365032558259100,15.5361862183
147.4738372211376700,30.8467944325963300,0.2685643898545286,-5.5977224138884470,-13.0791103590210460,15.2567377090
147.5403435585703600,30.7428593776935060,1.2913800060104996,6.7829369016672185,-14.7527638630007270,15.7150163651
147.5437164188516000,30.6676225815516580,0.2586720055379245,-2.8497029975027903,-10.7950649050905100,15.6741619110
147.5561758444438900,30.9972093516012700,0.6505153504259710,-2.5031269478373765,-11.4258233276870410,15.2504644394
147.4216157310429200,30.8387310952360200,2.1803817747458947,1.2236710905898596,-3.3437602304728070,14.3683032990
147.6273771253445000,30.9184164685026450,0.4773644172008988,4.5513176945471510,-5.6534458525110870,15.7850770950
147.5346102816930600,30.7365046762585870,0.5205465275406108,-19.3224118698791300,-6.2731351531466935,16.2248039246
147.8787377602336600,30.8424359445679100,0.8412075462032356,-15.1285165467504300,-8.7591713789315730,14.9405822754
147.1890919513628300,30.5681373680867450,1.5919503816574667,-1.6984355284691868,0.7665790655957271,15.2445831299
147.4440058508892300,30.9219156670494720,1.0703646195193950,-19.3611174587454500,-10.0739467740854960,14.2751960754
147.4318670127105400,30.9486240882177380,2.4126751495040080,-16.3930348267667900,-41.4058838491863100,12.8548603058
147.4256351081752000,31.1233855084424300,0.6654367604789778,-21.3735133368342100,-32.4451998592888700,16.3700008392
147.7969180972271800,30.6459016819670960,2.9378844471683623,-11.8552995248979600,-1.1220006999449654,15.0839290619
147.4154085671034000,31.0619799622976950,0.6297556422917547,2.6330897061781604,-14.5142706933610110,15.4095458984
147.2223723389918000,30.7623475643614550,3.6148428427902926,-18.3459651746339900,-10.0299158417713410,12.0782213211
147.4444539028092200,31.0311728473204000,0.4923275897561033,-2.0632008905525057,-18.1393978110435550,16.1732444763
147.4371419382514100,31.1592553782489000,0.3901044000143082,2.5904547979413100,-18.5012904821548300,16.6381378174
147.4547182901749200,31.0004042357940360,1.8006693951168173,-35.3258908872560700,-23.5540295524104400,15.3536558151
147.2985200985453400,30.6919126306667700,0.4512687438871411,-27.4471288886057300,-26.3979931538861760,15.0242872238
147.2419857807150500,30.5233353933224230,2.5989640340361050,51.9291886076405000,-64.9406254573306000,14.7229824066
147.7137815136226800,30.9202145699441500,0.6985185507071915,-0.5382481601844860,-5.2103609652409510,15.9335155487
147.2276055778348000,30.7876297350515900,-0.0510711119364183,-1.1211160868696260,-2.7914247367929472,16.9986267090
147.2497837243426800,30.4335468396246220,0.7145284891509086,-5.2292784675245690,-39.5042508086321900,15.6585969925
147.9841490318569300,30.7829684536378850,0.7327672394763585,-5.7706021204737700,3.5379097960505383,14.0444068909
147.1867226522847100,30.5279980967363300,0.4546890167614273,-3.2774197366371407,-28.9408074203265140,14.3841876984
147.8029917965880600,30.8254649318897760,3.8517410354612160,-22.0512562536864070,-11.1230702892112420,15.4711618423
147.4142366990919300,30.9439690235249540,0.7670526421336711,-4.5256587130347550,-11.0423101392982800,16.9648647308
147.3910789852260500,30.7396704974786950,0.5345770021403693,-2.4048937671724650,-3.3261107898151970,11.8961992264
147.2841210675237600,31.0531613757495000,1.5599236588467853,-17.2740772721255770,-8.2877851256806100,16.3379344940
147.0195168288646000,31.1855928074178440,0.5824238776775212,12.4164941394721740,-6.2662817125327150,13.8767681122
147.4247185075725000,31.1677333005656760,4.3833197800256976,13.0481654585869930,-15.4761466699235550,10.7626199722
147.1072329500706200,31.2588694383650920,0.9546852277231248,0.9483971406529301,-15.1255845194061550,13.8170175552
147.2822173720627700,31.0700679961632740,5.5858970608400560,-39.3275396879457200,-33.1116755871326660,15.7371740341
147.2755098524482000,31.0918600507108560,2.6596687205632645,-1.0623719571287253,-56.6692403087756900,16.5945568085
147.0198151252287700,31.2528644135529200,2.1389153814067035,14.1030949685451000,-24.8185967251774750,13.8434066772
147.1329032588239700,31.2192345863855180,1.3618930064126356,-12.3337030036081700,-9.3054377955442560,16.9747886658
147.0157110213264400,31.1406804765606570,0.7378825101150341,4.4756824782682750,-4.7575294826120950,16.7747459412
147.1764472061020400,31.0860862312517840,0.4135312165739813,-1.5290093225604040,-5.5429805298503200,16.8324203491
147.1164940440970700,31.1199366604949150,0.4455912793147586,6.8442308153413105,-22.2804296452514600,16.4211978912
147.0951386034112100,31.2531445273265370,1.1271517028889390,-1.0677045466056340,-10.0432986199137560,13.5274667740
147.1746991283407600,31.0190163627296800,0.8330451128780955,-3.4446020623321725,-3.8859186074737230,16.0441322327
147.3290903452988000,31.0914268797302780,0.6231975382598982,-4.6380534801724030,-6.4066514799158030,15.5517015457
147.1738632566818000,31.1306186971425300,0.1560749287390504,2.2408268413647816,-23.9823121059024230,16.6807708740
146.9866820308929800,31.0954343146586930,0.8115557802086172,-15.6652656605050570,-17.9552111715834400,16.9666900635
147.1935550845719000,31.0633474967708100,1.0703619782866263,-10.6334752989930480,5.4767356532907990,14.0472249985
147.0092614276503600,31.1954084206322230,0.9461111694832743,-1.8764985132868286,-10.4555848808228600,16.0903053284
147.1712692495479200,31.1153711375022580,0.6412502336880204,-13.7984047708401300,-11.4400618057123430,15.7760725021
147.1236909067827400,31.2023272340701150,3.6520528215809880,-12.0751505254475030,-8.5341455807644950,11.0307836533
147.1546305950767500,31.2514584828868930,5.2493413870840010,-41.1753029122319900,-0.6154967562043440,9.7644548416
147.3093221015270200,31.1144977254672670,1.2667203543174201,-3.6351876104441825,9.1391814029026110,15.1167201996
147.1853169793157300,31.0083775002619650,1.0492871636382575,-10.1983620222654570,-2.9300814007269222,11.7945289612
147.1102772692676000,31.0757338991212570,0.1351358272064422,-12.6240537879344660,-14.0278768533917160,16.1864452362
147.1897501646341500,31.0169165706855700,0.3095535691151456,0.5486221572367345,-0.9113651144085364,16.1718273163
147.0795153122619000,30.8233201469098820,0.6954354834022627,-10.9361650474852000,-3.3653210144452750,16.8577709198
147.2543981853398500,31.2068534296317800,0.4194640744174683,-0.2143468774478021,-0.2718165175689325,14.7680273056
147.3921815030463000,31.2361655232171460,2.5518487401670860,1.3527168290114266,-13.1193415655405040,15.3489885330
147.4140307011050000,31.2242289803573700,1.3813162054592227,-1.1454099921314536,7.7125274574893610,15.0606203079
147.4425868023892000,31.2428474946456000,5.2353836739711540,-89.7341511677581600,-50.8532310535783200,12.6641731262
147.4825004244115700,31.2450319231807650,1.9192705017878446,-6.7792478500497400,5.6492672646760370,14.3742523193
147.4772401472604300,31.2853929031488320,1.2399629745033336,-7.0495560829811925,-7.1904083239783600,12.5188903809
147.0988323619945400,30.9653364740147770,1.5655853344866604,-21.5777111534623640,-12.8968865122561800,16.9496955872
147.2411598709403200,30.9996040597662560,2.4263768589224814,13.7939605812274490,-11.8003272833585910,10.2616682053
147.4570652854499400,31.2606497079444880,1.6913225817230801,-4.8239376465912850,-0.6051201248167655,16.2214660645
147.4487207036546000,31.2861182663231600,0.5325157741037981,14.8664194276569430,-31.2540031761280450,16.7876129150
147.0295219912297000,31.2422470333813040,0.4212936874070242,-0.5984082451304925,-1.5958945077096482,15.3305339813
147.3424278786529300,31.1206136427693250,0.2858588841871643,-4.9240477333323325,-0.5916102421440241,15.5843877792
147.2849030714809000,31.2299734949105670,1.4005679117829322,-23.5602684821054460,-17.7987756955689780,13.4627304077
147.3253492849581500,31.2156472439322780,0.8474554692420385,5.1830576174917065,-4.9557691660875650,14.7163343430
147.0969182532810200,31.2206154761241520,1.0151076760741493,-2.8181288309740900,-0.1265384412638209,16.5604515076
147.3155025407049000,31.2028092214647830,1.7323194981203270,4.9012403629456710,-19.5257037684482170,14.1858816147
147.3413051019565800,31.2019249656811970,0.9905078969918673,-1.6398222430187326,-3.4922973454998343,15.4330720901
147.0562485002453500,31.0908862088181160,0.3581700746069513,-5.1198293902533200,-3.9567012252300455,16.7684650421
147.3826580556752800,31.1846797269129800,0.5589695728838112,-0.5144855735835310,-5.8305146068870890,15.9224348068
147.0979252910812800,31.0693658900680170,1.7752670270757030,-4.5193771722492560,-20.1260942329529000,15.7529773712
147.3484414804022700,31.2783772992836400,0.3225274806656654,2.9209028631941570,-11.5496355303993700,16.9825630188
146.9932417768273000,30.8164299520671070,4.0536823078141010,-33.6666501354773900,0.3577115918619818,14.8565826416
147.3857030287653000,31.2165429691132270,1.4116026291081658,-14.6286883373106200,-6.6060934628316310,15.1652631760
147.0163106333402500,30.8156706855572300,2.9227393754472430,-8.6020951369825680,-1.5665514930201770,16.3757400513
146.9891562816387700,30.9197380394726230,1.0133131924882840,4.6819954507335260,-0.0376848300515488,14.4738206863
147.0763944960319500,30.9595025023361900,0.3469734714850767,-0.7632627900117299,-32.5265395999054200,16.5375003815
147.0278638723453000,30.9256801541823770,0.5644042145537476,-3.5367591010910018,-4.2577767470753690,15.8646583557
147.0800749426974000,30.9642618468543630,4.5899600081128530,58.4451164277647450,-39.2050039427618600,16.7095985413
147.1060785281095500,30.8689163550652630,0.9899497973885998,-3.4197196725447750,1.2545020403016602,14.5321083069
147.1289090066289300,30.9533848922756540,1.1501030263134442,-9.5732990330830670,-2.2301188606947040,15.7781124115
147.1696126204275000,30.9437364645220330,2.5535346670158843,2.9287937094644567,-0.2617677258466160,13.6833286285
147.0180117121202600,31.2558759601615300,3.9329079232806400,-65.4868798973613200,14.0496615434384360,16.6478900909
147.4863526761702000,31.2969421232986800,1.0924841330717963,7.3942805650212176,-7.4856158857892830,14.5109825134
147.1363955950838300,30.9860709961858600,1.3536707822887046,-14.1007679557706120,-13.9376082416620020,12.4905719757
147.0547332517025000,30.9079905297666900,9.2594399112038040,-27.7926400205573500,-49.4903692858640200,16.6306324005
147.0477109105412700,30.8814882691752300,2.0882719483990253,5.1824807461798320,10.0226050480384680,13.1810245514
147.1045553423041400,30.9475903128215320,1.1046106233035065,2.4880188675543810,-16.6792600705427920,15.1228170395
147.4914652912943300,31.2845038811614000,0.3671758119245477,-5.2211020529112150,-5.1159320097750700,16.9336757660
147.2518651611054800,30.9989657811162580,0.3557508487454688,-4.0732457462027140,-3.4623194344325700,16.6938476562
147.3083098380791000,31.2258882745696600,0.5438061176717763,-7.2307960985268740,-14.3259608262204060,12.5759840012
147.2832796216302400,31.1890921939723360,0.4466532907290017,-14.2310782333641650,-3.1249320388942086,16.2849006653
147.3299461653378700,31.1467089701959560,2.2220757798115110,-10.1508128738301960,-1.4630606901423093,12.6018562317
146.9930102876841100,31.0060236586121330,0.1409195917266465,5.7606607523435030,-13.5429684311814590,13.9542942047
146.9972895991760000,31.0050493442457730,7.1972440237894780,-71.7899798403481500,-24.9324233512620600,14.4837598801
147.0236721137376000,31.2716578289854540,1.4993825881460603,-6.1911732604171730,6.0776084640193610,12.3993940353
147.1271468516720500,31.1877030761484550,0.8196259893415866,-21.9536213126123520,-16.4285173233920700,16.2214298248
147.1261699530420000,30.9527187486123660,0.5842752905880667,-1.1357268108291334,-1.1997073467684820,16.9040508270
146.9885278238523000,31.1615534035256340,2.3672558165181057,-7.8858310360591000,14.6106648238168630,13.3164157867
147.0574364732199800,31.0003288260602260,1.1283756191267176,-20.7631826692799200,-4.7934472451551590,16.6746578217
147.0378604581914000,31.0505840761103470,0.8329062152093263,-10.5879526556811800,-12.7449119287559950,14.0497617722
147.0311371888829800,31.0394907469345820,1.8517052627870925,-11.3413382398347980,-16.3464286598844350,16.3478031158
146.9916981833064300,31.0757297519338920,1.1187923870802892,1.1000502170321862,3.6149714648236770,15.7470016479
147.2675293729481000,31.0621867465482300,4.6388606421130870,-6.7393996662492390,-25.1347038702986100,15.3713693619
147.0764757107164700,31.1397380503393180,0.2660532594421440,-1.1248297931736600,-4.9315758242472780,16.0559425354
147.1016502464598300,31.2333575401488500,0.1213595124584730,4.3726275710151160,-8.6640938470575610,15.2717638016
147.0767398014756700,31.0626524393013240,2.3265451586813690,-13.8941674592376770,-17.8535072499554770,14.6894149780
147.0771358268797000,31.1103740684284520,2.7273353048089640,-18.1057276720457770,-11.4000803744481180,13.1004314423
147.1023358055418800,31.0206375133651000,0.7739739653524007,-14.6473238592458850,-11.4632216780918380,15.3763914108
147.0897558417092300,31.0744013417261940,0.5680124865600858,2.2533417979835450,-4.3429191912339130,14.6181716919
147.0747301652364700,30.9216231975611400,0.7217441268727081,1.7323002607937800,-11.7202319653335680,15.4013538361
147.0232357349212600,31.2710666804557640,1.4735183714210764,-1.6474680971805464,0.3411858763062997,8.7157506943
147.0950631247192700,31.1809661352745100,2.9588725017507396,-6.6573796823802390,-1.8977170710974545,16.3125839233
147.0839066545643400,31.1937884682585430,1.3203106834718770,-9.4746239582390700,-3.9373428277652476,16.6751575470
147.0881112865510800,31.1904584671233900,0.2899489575371645,7.0498462873308900,-21.8978261019477200,16.7541770935
147.2347420088239600,31.1380820715339400,0.5841920188781011,2.1757367104978322,-17.0103232405944450,15.2631177902
